,0
Deloitte,Data Scientist
IBM,Data Scientist
Deloitte,Data Scientist
Walgreens,Data Scientist
Coinbase,Data Scientist
McDonald's,Data Scientist
PayPal,Data Scientist 1
Olive,Data Scientist
Quora,Data Scientist (Remote)
"Blue Cross and Blue Shield of Illinois, Montana, New Mexico, Oklahoma & Texas",Data Scientist
IBM,Entry Level - Associate Data Scientist (Commercial)
Stripe,"Data Scientist, Payments"
Walgreens,Associate Data Scientist
DoorDash,"Data Scientist / Senior Data Scientist, Analytics"
University of Chicago,Data Scientist
Bridge Technical Talent,Data Scientist
Facebook,"Data Scientist, GBM Analytics"
Facebook,"Data Scientist, GBM Analytics"
Harley-Davidson Financial Services,Data Scientist - Remote
Skai,Data Scientist
Benchmark Analytics,Data Scientist
Yahoo,"Data Scientist, Product Analytics and Experimentation"
Facebook,"Data Scientist, GBM Analytics"
Farmers Insurance,Junior Data Scientist
Grubhub,Data Scientist II (Experimentation)
Walker & Dunlop,Data Scientist
"Blue Cross and Blue Shield of Illinois, Montana, New Mexico, Oklahoma & Texas",Data Scientist
Chubb,Data Scientist
LSEG (London Stock Exchange Group),Data Scientist
Google,"Business Data Scientist, Product and Tools Operations"
Costco IT,Data Scientist - Data Analytics
The Climate Corporation,Data Scientist
"Reddit, Inc.","Staff Data Scientist, Ads Marketplace Analytics"
University of Chicago,Data Scientist
Marin Software,Data Scientist
Unify Consulting,Data Scientist
Sharethrough,Data Scientist
Fitch Ratings,Data Scientist
Facebook,"Data Scientist, Product Analytics - Notifications Ranking"
ThinkAlike Laboratories LLC,Data Scientist
JLL,Data Scientist
Deloitte,Data Scientist - Sensing & Shaping
Shift Technology,Data Scientist - Chicago
KAR Global,Data Scientist (Remote)
Zillow,"Data Scientist II, Premier Agent"
Uptake,Data Scientist
AKIRA/shopAKIRA.com,Data Scientist
AHEAD,Data Scientist
Morning Consult,"Data Scientist, Client Services"
"Eligo Energy, LLC",Data Scientist
Clearcover,Data Scientist
Epsilon,Data Scientist (Data Practice)
NielsenIQ,Data Scientist
Walker & Dunlop,Data Scientist (BI Focus)
SiteScout,Data Scientist (Remote Optional)
Kemper,Data Scientist
Caterpillar Inc.,Sr. Data Scientist
Inspire11,Data Scientist
EY,Data Scientist Senior
Allstate,Data Scientist - Insurance Modeling
Circle,Data Scientist
Color,"Data Scientist, Healthcare and Genomics"
Farmers Insurance,Data Scientist
Attadale Partners,Data Scientist
Carrum Health,Data Scientist
Grainger,Data Scientist
CVS Health,Data Scientist Advisor
Group1001,Healthcare Data Scientist
Sharethrough,Product Data Scientist
HAVI,Data Scientist
Dataiku,Data Scientist - Central
maven,Senior Data Scientist
Amazon Web Services (AWS),Data Scientist - Nationwide Opportunities
Journera,Data Scientist
Verano,Data Scientist
Rewards Network,Data Scientist
Axiom,Data Scientist
Optiver,Graduate Data Scientist (2022 Start – Chicago)
EY,Data Scientist Senior
Motion Recruitment,Data Scientist
Blue Cross Blue Shield Association,"Data Scientist, Health Analytics"
"Vizient, Inc",Health Care Data Scientist
Hitachi Solutions Canada,Data Scientist
Starcom,Data Scientist
Ameex Technologies,Data Scientist
GroupM,Data Scientist
Applied Systems,Data Scientist
IAA,Data Scientist
Mathematica,Data Scientist
EY,Data Scientist Senior
Lawrence Harvey,100k-110K Data Scientist
CVS Health,Lead Data Scientist
Qualtrics,Customer Success Data Scientist
Analytic Recruiting Inc.,Junior Data Scientist
Live Nation Entertainment,Sr. Data Scientist
Brooksource,Junior Data Scientist
SynergisticIT,ENTRY LEVEL DATA SCIENTIST
"Reddit, Inc.","Senior Data Scientist, International Growth"
Enova International,Data Scientist
Facebook,"Data Scientist, Product - Ads Infrastructure"
Egencia,"Data Scientist, Product Analytics"
Waystar,Data Scientist
1871,Data Scientist / Machine Learning Engineer
closerlook (A Member of Fishawack Health),Data Scientist
Edward Jones,Data Scientist II
ESR,Data Scientist
"Blue Cross and Blue Shield of Illinois, Montana, New Mexico, Oklahoma & Texas",University New Grad - Associate Data Scientist - Chicago/Richardson
Crystal Equation Corporation,Data Scientist
Avant,Marketing Data Scientist
PNC,Data Scientist Sr
Talkdesk,Data Scientist (NLP)
Deloitte,Virtual Data Scientist - Solution Specialist
DataPrime,Data Scientist
VetJobs,Entry Level – Associate Data Scientist (Commercial)
ZipRecruiter,Data Scientist
HelpSystems,Data Scientist
Chamberlain Advisors,Data Scientist
Uber,Data Scientist II - Uber Freight
Jobot,Data Scientist Needed For Top Firm
Getty Images,Data Scientist – Search (Contract)
Civis Analytics,Applied Data Scientist
Avanade,Data Scientist
Burtch Works,Data Science
Clearcover,"Data Scientist, Marketing and Acquisition"
"DMD, an IQVIA business",Data Scientist
The Climate Corporation,Geospatial Data Scientist
Talkdesk,Data Scientist (Voice)
Arity,Arity- Data Scientist- Full Time
SS&C Technologies,Data Scientist
Google,"Decision Scientist, Revenue Acceleration, Google Cloud"
Avant,Affiliate Marketing Data Scientist
project44,Data Scientist
Walgreens,Senior Data Scientist
Walgreens,Senior Data Scientist
ERPMARK INC,Data Scientist
Coinbase,Machine Learning Engineer
dunnhumby,Applied Data Scientist
Epsilon,Data Scientist (Optimization Team)
Foursquare,Staff Data Scientist OR Senior Staff Data Scientist
antuit.ai,Lead Data Scientist
Burtch Works,Data Science
Quora,Senior Data Scientist (Remote)
Michael Page,Data Scientist | Chicago | Alternative Medicine
JLL Technologies,Data Scientist
Walgreens,Senior Data Scientist
HAVI,Data Scientist
SynergisticIT,DATA SCIENTIST
1872 Consulting,Data Scientist
Venmo,Machine Learning Engineer
Windstream,Sr. Data Scientist
Rewards Network,Data Scientist II
Accuro,Data Scientist
JLL Technologies,"Data Scientist, Enterprise Analytics"
Burtch Works,Media/Market Mix Data Scientist
Univar Solutions,Data Scientist - Advanced Analytics
"Maven Wave, an Atos Company",Data Scientist - ML Operations
ERM: Environmental Resources Management,Data Scientist (Mid-Senior Level)
Microsoft,Senior Data Scientist
IBM,Senior Data Scientist
GE Digital,Staff Data Scientist
Tiger Analytics,Senior Data Scientist (IL)
Dropbox,"Data Scientist, Capacity Engineering - Location Flexible"
CVS Health,Senior Data Scientist
Fractal,Senior Data Scientist
Clearcover,Sr. Data Scientist
"Reddit, Inc.","Senior Data Scientist, Content & Communities"
Walgreens,Senior Data Scientist (H3)
Workday,Machine Learning Engineer
eSpark Learning,Senior Data Scientist
CNO Financial Group,Lead Data Scientist
Hopper,"Sr Data Scientist, Hotels Marketplace"
Epsilon,Data Scientist (Personal Valuation Team)
Farmers Insurance,Lead Data Scientist
Motorola Mobility (a Lenovo Company),Machine Learning Engineer
Western Governors University,Data Scientist-2
Walker & Dunlop,Senior Data Scientist
Myticas Consulting ULC,BHJOB15656_16794 - Data Scientist
"Blue Cross and Blue Shield of Illinois, Montana, New Mexico, Oklahoma & Texas",Sr Data Scientist
Vivid Resourcing Ltd,Experienced Data Scientist - REMOTE
Dropbox,"Senior Data Scientist, Growth - Location Flexible"
Facebook,"Data Scientist, Product Analytics - Shops Buyer Ecosystem"
Allstate,Marketing Decision Science Data Scientist
Groupon,Machine Learning Engineer
Epsilon,"Data Scientist, Visual Analytics"
"Blue Cross and Blue Shield of Illinois, Montana, New Mexico, Oklahoma & Texas",Sr Data Scientist
CircleCI,Senior Data Scientist (Product)
XSELL Technologies,Senior Data Scientist (Remote)
"Solution Partners, Inc.",Sr. Data Scientist
Tiger Analytics,Machine Learning Engineer
Dice,Data Scientist
The Climate Corporation,Senior Data Scientist
Allstate,Marketing Decision Science Data Scientist
CNA Insurance,Sr. Data Scientist
Deloitte,Strategic Analytics Lead Data Scientist
Harnham,Senior Data Scientist
closerlook (A Member of Fishawack Health),Senior Data Scientist
Harnham,"Senior Data Scientist, Analytics"
SynergisticIT,data science
Amazon Web Services (AWS),"Data Scientist, ProServe"
Tackle Ai,Machine Learning Engineer
"Integrated Resources, Inc ( IRI )",Data Scientist
Dice,ENTRY LEVEL DATA SCIENTIST
Northern Trust Corporation,Sr. Data Scientist
Dice,Data Scientist
Hyatt,Machine Learning Engineer
Harnham,Data Scientist III
Caterpillar Inc.,"Senior Data Scientist, Cat Digital"
Discover Financial Services,Principal Data Scientist
Walgreens,Senior Analyst - Healthcare Data Scientist
Coinbase,Applied Machine Learning Engineer
Intelsat,Principal Data Scientist
"Quadratic Systems, Inc.",Data scientist With domino data lab
Questpro,Senior Data Scientist
Realtor.com,Senior Data Scientist-Consumer Data Science
Blink Health,Senior Product Data Scientist
"AMI Group, LLC",Senior Data Scientist
Harnham,Senior Data Scientist
NielsenIQ,Senior Data Scientist
Harnham,Principal Data Scientist
Mozilla,Inference Data Scientist (Staff Level)
Chicago Transit Authority,Senior Data Scientist
Unify Consulting,Machine Learning Engineer
Deloitte,Virtual Senior Data Scientist
Newsela,"Associate Data Scientist, Search and Recommendations"
Deloitte,Virtual Data Scientist - Solution Architect
Darwill,Lead Data Scientist
Benchmark Analytics,Machine Learning Engineer
PayPal,People Analytics Senior Data Scientist
The Kraft Heinz Company,Machine Learning Engineer - (GH)
physIQ,Senior Data Scientist
RSM US LLP,Innovation - Sr Data Scientist
KPMG US,"Manager, Data Scientist"
TransUnion,Sr. Data Scientist
M1 Finance,"Lead Data Scientist, Product"
TextNow,Senior Data Scientist
Quantitative Systems,Machine Learning Engineer
Deloitte,"Senior Data Scientist, Experience Management"
Nielsen,Sr Data Scientist
PatientPoint®,Senior Data Scientist - Remote
Capgemini,Data Scientist - Experienced Manager
Dropbox,"Senior Data Scientist, Core Data Science - Location Flexible"
ActiveCampaign,Senior Data Scientist
CNO Financial Group,Lead Data Scientist
Allstate,ENT-Data Scientist-Sr Mgr
eTeam,Data Scientist
Deloitte,"Senior Data Scientist, Experience Management"
HelloFresh,"Senior Data Scientist, ML solutions"
PayPal,Data Scientist - PhD Recent College Graduate
Navistar Inc,Lead Data Scientist
Capgemini,Sr Data Scientist-Chicago
Radancy,Senior Data Scientist
Uber,Senior Data Scientist - Uber Freight
Seismic,Senior Data Scientist
Gemini,Data Science Leader
Whirlpool Corporation,"Senior Data Scientist, Chicago"
HelloFresh,"Senior Data Scientist, Reactivations"
84.51˚,Lead Data Scientist
Grainger,Sr. Data Scientist
Coinbase,Head of Growth Data Science
S&P Global Market Intelligence,Lead Data Scientist
Edward Jones,Machine Learning Engineer - Remote
Discover Financial Services,Lead Data Science
Signifyd,Senior Data Scientist
"XPO Logistics, Inc.","Scientist, Data Science"
KPMG US,"Senior Associate, Data Scientist"
HelloFresh,"Senior Data Scientist, Forecasting"
Kemper,Senior Data Scientist
Stax Inc.,"Associate, Data Science"
Mozilla,Product Data Scientist (Senior and Staff Levels)
"Partner's Consulting, Inc.",Data Scientist (Big Data) III
Awishkar Consulting Company,Jr Machine Learning Engineer
Advanced Tech Placement,Data Scientist
Nielsen,Sr. Data Scientist - Remote OK
PwC,Customer Transformation Data Scientist - Senior Associate
High Definition Vehicle Insurance (HDVI),Senior Data Scientist
Questpro,Machine Learning Engineer
Clearcover,"Sr. Data Scientist, Marketing and Acquisition"
Uber,Senior Data Scientist - Uber Freight
Capital One,"Senior Manager - Data Scientist, Card Acquisitions"
Nielsen,Senior Data Scientist
Collective Health,Senior Data Scientist
"Blue Cross and Blue Shield of Illinois, Montana, New Mexico, Oklahoma & Texas",Senior Data Scientist - Enterprise Data Science
Conexiom,Snr. Data Scientist
JLL,"Lead Data Scientist, Enterprise Analytics"
Wikimedia Foundation,Machine Learning Engineer
Sentient Energy,Sr. Data Scientist - Utility Analytics
Vibes,Machine Learning Engineer II
Realtor.com,Senior Staff Data Scientist-Consumer Data Science
Grand Rounds Health,Senior/Staff Data Scientist
Humana,Senior Data Scientist - Model Risk Management
Epsilon,Senior Data Scientist
Avison Young,Global Analytics Data Science
Walgreens,"Senior Healthcare Analyst, Data Scientist"
PwC,"Anti-Financial Crimes, Data Scientist, Sr. Assoc. (Financial Services)"
Infrrd,Machine Learning Engineer NLP
Groupon,"Senior Data Scientist, Pricing and Promotions"
Relativity,Lead Data Scientist- Trace
IVY TECH SOLUTIONS INC,Machine Learning Engineer
AArete,Principal Data Scientist
EY,"Azure Data Scientist, Manager, Tech Consulting - New York, Chicago, Seattle"
EY,"Azure Data Scientist, Manager, Tech Consulting - New York, Chicago, Seattle"
PwC,Customer Transformation Data Scientist - Senior Associate
VMware,Machine Learning Engineer - Opportunity for Working Remotely
84.51˚,Lead Data Scientist
Vyaire Medical,Principal Data Scientist
High Definition Vehicle Insurance (HDVI),Senior Data Scientist
project44,Principal Data Scientist
Nielsen,Senior Data Scientist
Nielsen,Sr. Data Scientist - Activation
Diverse Lynx,ML Scientist/Data Scientist
Navistar Inc,Senior Data Scientist
EY,"Azure Data Scientist, Manager, Tech Consulting - New York, Chicago, Seattle"
R1 RCM,Machine Learning Engineer
Komodo Health,"Senior Data Scientist, Client Services"
Northwestern University,Open Rank in Statistics/Data Science
Motion Recruitment,Senior Data Scientist/ $225K
Nielsen,Senior Data Scientist
ZipRecruiter,Senior Data Scientist
Salesforce,"Lead/Senior Data Scientist, AI/ML Customer Modeling"
Dropbox,Machine Learning Software Engineer - Location Flexible
CareerAddict,Machine Learning AI Software Engineer
Amazon Web Services (AWS),Senior Data Scientist - Nationwide Opportunities
Amazon Web Services (AWS),Senior Data Scientist - Nationwide Opportunities
KPMG US,"Associate, Operations Research Data Scientist"
Motion Recruitment,Machine Learning Engineer
CapTech Consulting,Machine Learning Engineer
HopHR,Lead Data Scientist | IL - Chicago
project44,Senior Data Scientist
"V-Soft Consulting Group, Inc.",Data Scientist III
Mediaocean,Senior Data Scientist – Machine Learning & Prediction
Huron,"Analytics Center of Excellence (ACE), Data Scientist"
Jobs via eFinancialCareers,Lead Data Scientist
FactSet,Senior Data Scientist
Deloitte,Senior Data Scientist Alteryx
Harnham,Principal Data Scientist
Motion Recruitment,Machine Learning Engineer
Harnham,"Senior Data Scientist, Analytics"
SPINS,Lead Data Methodology Scientist
EY,EYP - Analytics - Data Scientist - Director - Multiple Locations
Net2Source Inc.,Data Scientist
EY,EYP - Analytics - Data Scientist - Director - Multiple Locations
Deloitte,Machine Learning Engineer - Consultant
Peapod Digital Labs,Machine Learning Engineer Co-Op
"SMS Assist, L.L.C.",Senior Data Scientist
EY,EYP - Analytics - Data Scientist - Director - Multiple Locations
The NPD Group,"Sr. Data Scientist, Methodology"
Epsilon,Senior Data Scientist (Optimization Team)
Salesforce,"Lead/Senior Data Scientist, Marketing Effectiveness"
Grainger,"Manager, Lead Data Scientist"
"Maven Wave, an Atos Company",Senior Data Scientist- Consulting
Chamberlain Group,Sr. Data Scientist
Venmo,Staff Machine Learning Engineer
"Anthem, Inc.",Data Science Solutions Lead
Dice,Data scientist With domino data lab
1871,Senior Data Scientist - SMS Assist
UL,Decision Scientist- Remote
Relativity,Senior Data Scientist-Analytics-21-0161
Coyote Logistics,Sr Data Scientist
EY,"Azure Data Scientist, Senior, Tech Consulting"
McDonald's,Machine Learning Ops Engineer
EY,"Azure Data Scientist, Senior, Tech Consulting"
Getty Images,"Senior Machine Learning, Data Scientist (CV, NLP) - Contract"
EY,"Azure Data Scientist, Senior, Tech Consulting"
Relativity,Senior Data Scientist- Trace-21-0161
JLL Technologies,"Lead Data Scientist, Enterprise Analytics"
HopHR,Sr Data Scientist | IL - Chicago
Mondelēz International,Data Science - Forecasting Lead (North America and Latin America)
Recruiting from Scratch,Senior Data Scientist (Series C Startup)
"AMI Group, Inc.",Senior Data Scientist / Engineer
Recruiting from Scratch,Senior Data Scientist (Series C Startup)
IVY TECH SOLUTIONS INC,Remote:::Machine Learning Engineer
Nielsen,Senior Data Scientist - Digital and Advanced TV Team
LMI,Data Scientist - Clearance Required
LMI,Data Scientist - Clearance Required
Recruiting from Scratch,Senior Data Scientist (Series C Startup)
Dice,BHJOB15656_16794 - Data Scientist
ICONMA,Data Scientist / Data Engineer - Data Mgmt App Dev - 3
United Airlines,Lead Machine Learning Engineer
KPMG US,"Senior Associate, Data Scientist Intelligent Forecasting"
Teladoc Health,"Senior Clinical Data Scientist, Value Based Care"
Recruiting from Scratch,Senior Data Scientist (Series C Startup)
Epsilon,Senior Data Scientist (Personal Valuation Team)
Recruiting from Scratch,Machine Learning Engineer (Speech to Text Startup)
Recruiting from Scratch,Machine Learning Engineer (Speech to Text Startup)
KPMG US,"Advisory Associate, Digital Lighthouse Data Scientist and Modeler | Multiple Locations Summer/Fall 2022"
System One,Senior Data Scientist - 5 roles
Amazon Web Services (AWS),"Principal Data Scientist, ProServe"
Amazon Web Services (AWS),"Principal Data Scientist, ProServe"
Recruiting from Scratch,Machine Learning Engineer (Speech to Text Startup)
84.51˚,Technical Director Data Scientist
Syngenta,Field Analytics Scientist
Gemini,Senior Machine Learning Engineer (Python)
Recruiting from Scratch,Machine Learning Engineer (Speech to Text Startup)
Ascension,Machine Learning Operations Sr. Data Scientist
Aramark,Director of Business Analytics - Data Scientist
"XPO Logistics, Inc.","Senior Scientist, Data Science"
"TalentBurst, an Inc 5000 company",Machine Learning Engineer
DoorDash,"Software Engineer, Machine Learning Infrastructure"
Nigel Frank International,"Machine Learning Engineer - Chicago, IL"
Okta,Principal Machine Learning Engineer (Remote Eligible)
KPMG US,"Advisory Associate, Digital Lighthouse Data Scientist and Modeler | Multiple Locations Winter 2022"
"Reddit, Inc.",Senior Machine Learning Engineer
Realtor.com,Staff Machine Learning Engineer-Consumer Data Science
Arth Consulting - An Executive Search Firm,Machine Learning Engineer - Full time role -(Top Management Consulting)
"Envestnet, Inc",Senior Data Scientist and Engineer
Nigel Frank International,"Machine Learning Engineer - Dallas, TX"
Capital One,Lead Machine Learning Engineer
84.51˚,Technical Director Data Scientist
Recruiting from Scratch,"Machine Learning Engineer, Speech Synthesis"
PwC,PwC Digital Upskilling-Data Scientist-Senior Manager
Deloitte,Jr. Developer
Recruiting from Scratch,"Machine Learning Engineer, Speech Synthesis"
Dice,Machine Learning Data Science
Taborit Inc,Jr. Data Scientists and Data Engineers
Amazon Web Services (AWS),Senior Data Scientist - ProServe
Recruiting from Scratch,"Machine Learning Engineer, Speech Synthesis"
"ALTA IT Services, LLC",Senior Data Scientist - 5 roles
Recruiting from Scratch,"Machine Learning Engineer, Speech Synthesis"
Dice,Principal Data Scientist
KPMG US,"Sr Associate, Ignition - Data Scientist"
Deloitte,Machine Learning Engineer - Senior Consultant
Dice,Opening for Senior Data Scientist - IL
Astellas Pharma US,"Senior Manager, Bioinformatics and Genomics Data Scientist"
TuSimple,Machine Learning Engineer - Mapping
Guidewire Software,"Principal Data Scientist/ Modeler, Cyber Risk Analytics- US Remote Option"
Discover Financial Services,Lead Machine Learning Engineer
Amazon Web Services (AWS),Associate Data & Machine Learning Engineer
SpotHero,Sr. Machine Learning Engineer
"TalentBurst, an Inc 5000 company",Machine Learning Engineer #: 21-18646
BMO Harris Bank,"Senior Manager, Data Scientist, Fraud Modernization"
Nielsen,Senior Machine Learning Engineer (REMOTE)
HireTalent - Diversity Staffing & Recruiting Firm,Machine Learning Engineer #: 21-03848
Guidewire Software,"Machine Learning Engineer/ MLE, Cyber Risk Analytics . US Remote Option"
Northwestern University,Developer
KPMG US,"Senior Associate, Operations Research Data Scientist"
VMware,Lead Machine Learning Engineer - Opportunity for Working Remotely
Capital One,Senior Machine Learning Engineer
Coinbase,"Software Engineer, Machine Learning Platform"
Diverse Lynx,Senior Data Scientist
CNH Industrial,Machine Learning and Data Engineer
Sav.com,Python Software Engineer - Chicago
Diverse Lynx,Senior Data Scientist
LMI,Senior Data Scientist - Clearance Required
LMI,Senior Data Scientist - Clearance Required
Uber,Software Engineer (Machine Learning) - Freight
Crunchbase,Senior Machine Learning Engineer
Photon,ML Scientist
LMI,Senior Data Scientist - Clearance Required
Accenture,Data Science Python Application Developer - 3887806
Discover Financial Services,Principal Machine Learning Engineer
Discover Financial Services,Lead Data Science Analyst
Recruiting from Scratch,Lead Machine Learning Engineer
Recruiting from Scratch,Lead Machine Learning Engineer
LMI,Senior Data Scientist - Clearance Required
Recruiting from Scratch,Senior Machine Learning Engineer (Payments Startup)
Venmo,Software Engineer (Machine Learning Systems)
Recruiting from Scratch,Senior Machine Learning Engineer (Payments Startup)
1872 Consulting,"VP, Lead Data Scientist - Actuarial and CAT Modeling"
Boston Consulting Group (BCG),"Software Engineer, Python - BCG GAMMA"
Recruiting from Scratch,Lead Machine Learning Engineer
Recruiting from Scratch,Lead Machine Learning Engineer
Axelon Services Corporation,Machine Learning Engineer Contract
Axelon Services Corporation,Machine Learning Engineer Contract
Recruiting from Scratch,Senior Machine Learning Engineer (Payments Startup)
Discover Financial Services,Lead Data Science Analyst
Recruiting from Scratch,Senior Machine Learning Engineer (Payments Startup)
"Request Technology, LLC",Sr. Machine Learning Artificial Intelligence Software Engineer
Jobs via eFinancialCareers,Machine Learning Group hiring Quant Researcher/ Chicago
IBM,Data Science Technical Sales Specialist
MetriTrack Inc.,Software R & D Engineer
Cancer IQ,Software Engineer - Healthtech Startup
Discover Financial Services,Lead Data Science Analyst
TuSimple,ML Platform - Senior Machine Learning Engineer
Google,"Software Engineer, Early Career, Campus"
Kemper,Machine Learning Operations Engineer
Discover Financial Services,Lead Data Science Analyst
"Reddit, Inc.","Senior Machine Learning Engineer, Video Recommendations"
Astellas Pharma US,"Manager, Bioinformatics and Genomics Data Scientist"
Discover Financial Services,Lead Data Science Analyst
Discover Financial Services,Lead Data Science Analyst
Discover Financial Services,Lead Data Science Analyst
"New Relic, Inc.",Senior Machine Learning Engineer - Remote
DoorDash,"Software Engineer, Experimentation"
Discover Financial Services,Lead Data Science Analyst
Discover Financial Services,Lead Data Science Analyst
Discover Financial Services,Lead Data Science Analyst
Motion Recruitment,"Mid-Level Software Engineer (Machine Learning, AI, NLP)"
Discover Financial Services,Lead Data Science Analyst
IAA,Data Science Manager
Recruiting from Scratch,Senior Machine Learning Engineer (Mindful Talk Therapy Startup)
Optello,Senior Machine Learning Engineer - Chatbot
Harnham,Data Science Manager
Recruiting from Scratch,Senior Machine Learning Engineer (Mindful Talk Therapy Startup)
Parallel Partners,Python Software Engineer - Work From Home
Discover Financial Services,Lead Data Science Analyst
"Varsity Tutors, a Nerdy Company",Chicago Data Science Expert Jobs
Discover Financial Services,Lead Data Science Analyst
Discover Financial Services,Lead Data Science Analyst
Recruiting from Scratch,Senior Machine Learning Engineer (Mindful Talk Therapy Startup)
Discover Financial Services,Lead Data Science Analyst
Discover Financial Services,Lead Data Science Analyst
Discover Financial Services,Lead Data Science Analyst
Discover Financial Services,Lead Data Science Analyst
University of Chicago,Programmer
Discover Financial Services,Lead Data Science Analyst
Kimberly-Clark,"Manager, Revenue Growth Management – Data Scientist"
Recruiting from Scratch,Senior Machine Learning Engineer (Mindful Talk Therapy Startup)
Collibra,Machine Learning Operations Engineer
Zencity,Developer
IHS Markit,Big Data Developer
Motion Recruitment,Senior Machine Learning Engineer
Discover Financial Services,Principal Data Science
United Airlines,Developer - Optimization
Motion Recruitment,Senior Machine Learning Engineer
Discover Financial Services,Principal Data Science
CyberCoders,Senior Machine Learning Engineer - Chatbot
Centro,Big Data Engineer (Remote Optional)
Societe Generale,RTGen Developer C++
MetriTrack Inc.,Software R&D Engineer
DoorDash,"Software Engineer, Developer Productivity"
United Airlines,Calling All Software Engineers / Developers. United Is Growing!
Discover Financial Services,Principal Data Science
Tata Consultancy Services,Entry Level Software Engineer
Discover Financial Services,Principal Data Science
nTech Workforce,Big Data Engineer
maven,Software Engineer
Recruiting from Scratch,Lead Machine Learning Engineer
Recruiting from Scratch,Lead Machine Learning Engineer
maven,Software Engineer
Discover Financial Services,Principal Data Science
Elastic,Senior Machine Learning Engineer
Discover Financial Services,Principal Data Science
"CPS, Inc.",Software Engineer - Python
IBM,AI Ops Software Engineer
R1 RCM,Senior Machine Learning Engineer
Discover Financial Services,Principal Data Science
Color,"Software Engineer, Diagnostics"
maven,Software Engineer
SpotHero,Sr. Machine Learning Engineer (Data Engineering)
Recruiting from Scratch,Lead Machine Learning Engineer
84.51˚,Scientific Developer
Discover Financial Services,Principal Data Science
"DataDelivers, LLC.",Big Data Engineer
Venmo,Software Engineer - Venmo (Backend)
Discover Financial Services,Principal Data Science
Twitter,Software Engineer (Full Stack) - Product Insights and Experimentation
Twitter,Software Engineer - Revenue Platform
Recruiting from Scratch,Lead Machine Learning Engineer
Huxley,"Software Engineer (Python, React, AWS)"
Disbelief,Programmer
Northwestern University,Developer
Ageatia Global Solutions,Diagnostic Developer
Discover Financial Services,Principal Data Science
EY,Software Developer - Open Location
University of Chicago,Software Developer
Color,"Software Engineer, Vaccines"
IBM,Entry Level - Associate Developer (Commercial): Full Stack or Back end
DoorDash,"Software Engineer, Product (Backend)"
Toyota Research Institute,"Senior or Staff Research Scientist, Data Fusion, Automated Mapping Platform (AMP)"
Motorola Mobility (a Lenovo Company),Software Engineer
Walgreens,Software Engineer II – Remote Work from Home Opportunity
Discover Financial Services,Principal Data Science
Recruiting from Scratch,Senior Machine Learning Engineer
Recruiting from Scratch,Senior Machine Learning Engineer
Realtor.com,Software Engineer - New Grads
Northwestern University,Developer
Machinza,Robot Programmer
Walgreens,Software Developer II - Data & Analytics
Recruiting from Scratch,Senior Machine Learning Engineer
Snapsheet Inc,Software Engineer - CORE + R&D
Amazon Web Services (AWS),"WW Lead - Data Science, AdTech and MarTech"
Northwestern University,Developer
Tiger Analytics,Big Data Engineer (Azure)
Recruiting from Scratch,Senior Machine Learning Engineer
Gazam,Developer
dscout,Software Engineer (Elixir)
Boston Consulting Group (BCG),"Software Engineer, Python - BCG GAMMA"
maven,Software Engineer
Diligente Technologies,AWS & IOT Software Engineer (REMOTE)
Recruiting from Scratch,Principal Machine Learning Engineer - Natural Language Processing
Recruiting from Scratch,Principal Machine Learning Engineer - Natural Language Processing
"Tempus Labs, Inc.","Software Engineer, Oncology Experience"
DoorDash,"Software Engineer, Product"
American College of Surgeons,"Programmer, American Joint Committee on Cancer"
Dropbox,Senior Machine Learning Software Engineer - Location Flexible
maven,Software Engineer
Twitter,Backend Software Engineer - Revenue Product Engineering
84.51˚,Scientific Developer
Ceridian,Senior Machine Learning Engineer
Newsela,Senior Machine Learning Engineer
Ad Atlantic,Software Developer
University of Chicago,Software Developer
Recruiting from Scratch,Principal Machine Learning Engineer - Natural Language Processing
AlphaGrep Securities,Software Developer
TransUnion,Developer
Recruiting from Scratch,Principal Machine Learning Engineer - Natural Language Processing
DeepSight Technology,Software Engineer / Imaging
Northwestern University,Developer
Google,"Software Engineer III, Google Ads"
Honeywell,Software Developer
Integral Ad Science,Big Data Engineer
"CPS, Inc.",Python Software Engineer (Backend)
"Blue Cross and Blue Shield of Illinois, Montana, New Mexico, Oklahoma & Texas",Developer
Recruiting from Scratch,Senior Machine Learning/Natural Language Processing Engineer
Recruiting from Scratch,Senior Machine Learning/Natural Language Processing Engineer
Pegasus Knowledge Solutions,Kafka Developer (Remote)
Big Game Software,Software Developer - Fantasy Sports
TransUnion,Associate Developer
Recruiting from Scratch,enior Software Engineer (Y Combinator Startup)
Recruiting from Scratch,enior Software Engineer (Y Combinator Startup)
XR Trading,Python Software Engineer - Remote
Twitter,Full Stack Software Engineer - Revenue Product Engineering
Grubhub,Software Engineer
Tata Consultancy Services,Developer
CareerAddict,Big Data Spark Engineer
Recruiting from Scratch,Senior Machine Learning/Natural Language Processing Engineer
Perficient,Junior Developer ( College Grads 2021)
Foot Locker,Software Engineer
Recruiting from Scratch,Senior Machine Learning Engineer (Crypto Exchange)
Deloitte,"Software Engineer / Twilio Developer (Denver, CO)"
Lenovo,AI Imaging Researcher
AHEAD,Flutter Developer
Harnham,"Vice President, Data Science"
Moody's Analytics,Software Engineer (100% Remote – Throughout US)
Akuna Capital,C++ Developer (Strategy Focus)
Cognizant,Software Engineer (Remote) – Advanced Technology Group
"Connect Search, LLC",Software Developer - RPA
Caterpillar Inc.,"Software Engineer, Cat Digital"
Northwestern University,Developer Associate
Recruiting from Scratch,Senior Machine Learning/Natural Language Processing Engineer
CitiusTech,PostGresSQL Developer (Remote to Start)
Dice,Python Software Engineer - R
Recruiting from Scratch,enior Software Engineer (Y Combinator Startup)
KINEXON,SOFTWARE DEVELOPER IOT WEB APPLICATION SPORTS
Wonderlic,MLOps Engineer (Machine Learning Operations Engineer)
Grand Rounds Health,"Software Engineer, Product (New College Grad)"
"Azul 3D, Inc",Software Engineer
Selby Jennings,C++ Software Engineer (High Frequency)
Recruiting from Scratch,enior Software Engineer (Y Combinator Startup)
IBM,Quantum Compiler Developer (Any Location)
Squarespace,Software Engineer - Tock
Expedia Group,Software Dev Engineer
DRW,"Software Engineer, Python (JAX)"
Performance Trust Capital Partners,Software Developer
Recruiting from Scratch,Senior Machine Learning Engineer (Crypto Exchange)
Recruiting from Scratch,Senior Machine Learning Engineer (Crypto Exchange)
Quantitative Systems,Software Developer
CVS Health,Big Data Engineer – Senior Advisor
Societe Generale,RTGen Developer - C++
PNC,Software Developer
PNC,Software Developer
DoorDash,"Software Engineer, Android Platform"
Veo,Software Developer
XSELL Technologies,Software Engineer (Remote)
EY,Artificial Intelligence and Data Science - Senior - Tech Consulting - Location Open
Persistent Systems,OustSystems Developer
Usabl,Founding Software Engineer
DataPrime,DevOps Engineer
Recruiting from Scratch,Senior Machine Learning Engineer - Natural Language Processing
Recruiting from Scratch,Senior Machine Learning Engineer - Natural Language Processing
Hudson River Trading,Algo Software Engineer (C++/Python)
Recruiting from Scratch,Senior Machine Learning Engineer (Crypto Exchange)
IBM,Machine Learning Ops Implementation Engineer
Moody's Analytics,Software Engineer (100% Remote – Throughout US)
TuSimple,"Software Engineer, Machine Learning Infrastructure"
Discover Financial Services,Principal Data Science - Digital Analytics
IAA,Developer
Prairie Consulting Services,C++ Developer
US Army Corps of Engineers,Interdisciplinary.
Bank of America,Software Engineer
McDonald's,Software Engineer II (Remote) - C#
Recruiting from Scratch,Senior Machine Learning Engineer - Natural Language Processing
Coinigy Inc.,C# Software Engineer
Motion Recruitment,Big Data Engineer / Java / Scala
Optiver,Software Engineer
Bank of America,"ACH / PEP+ Developer - Chicago, IL"
Dropbox,Software Engineer - Location Flexible
Schneider Electric,Software Cloud Engineer
Scientific Search,16072-CVD Engineer
Genzeon,C++ Back-End Engineer
EY,InsureTech - Unqork - Senior - Open Location
PayPal,Software Engineer
Sterling Trading Tech,Software Engineer - C++ (Platforms)
Quantitative Systems,C++ Programmer
Optello,"Go Developer (100% remote), with PSaaS company! WebRTC"
Salesforce,Full-Stack Software Engineer – Application Development
Salesforce,Full-Stack Software Engineer – Application Development
Affirm,Staff Machine Learning Engineer (Underwriting)
IVY TECH SOLUTIONS INC,Snowflake Developer
VMware,Software Engineer - Opportunity for Working Remotely
Edward Jones,Software Developer - U.S. Remote Eligible
Recruiting from Scratch,Senior Machine Learning Engineer - Natural Language Processing
PayPal,Software Engineer
M2GEN,Bioinformatics NGS Engineer
Collinwood Technology Partners,C# / AWS Software Engineer
Allscripts,"Software Engineer - C#, SQL"
TuSimple,"Software Engineer, C++ - Autonomous Vehicle / AI / Robotics"
Affirm,"Software Engineer, New Grad 2022"
Lava,Software Engineer
EROS Technologies Inc,Golang Developer
Color,"Software Engineer, Frameworks"
American Financial Management,Programmer - Remote
Alpha Silicon,Big Data Engineer
Hopper,"Full Stack Software Engineer, Growth (Incentives and Loyalty)"
G2,Software Engineer (Labs)
RTS Financial,Remote Software Developer
"FILD Search, LLC",Software Developer - Python / Flask / AWS - Leader in Data Science + Media Tech
HAVI,Data Scientist Intern
Quantitative Systems,Software Engineer
Deloitte,Software Engineer / Twilio Developer
Paychex,Software Engineer I - SurePayroll
Google,Software Engineer III
West Monroe,Data Science Architect
Cooler Screens Inc.,Software Engineer
Akuna Capital,C++ Developer
Arity,Arity- Data Scientist Internship
Dropbox,Software Engineer - Location Flexible
Salesforce,Black Is Tech - DevOps/SRE
Salesforce,Black Is Tech - DevOps/SRE
Twitter,"Software Engineer - Backend, Revenue Experience Ads Measurement"
FinTech LLC,Big Data Developer/ Data Engineer
Mintel,Software Developer
Evozyne,Software Engineer
TransUnion,Software Developer
Iron Galaxy Studios,Software Engineer
Rewards Network,Software Engineer (Scala)
Addison Group,"C#.net - Software Developer - C#, SQL, REST, API"
IAA,Developer
Motorola Mobility (a Lenovo Company),Software Engineer - Android
Cloudreach,Software Engineer
Canonical,Software Engineer - Python - Kubernetes
Oracle,Software Developer 4
Forward,"Software Engineer, Full Stack"
Fubo Gaming,"Software Engineer, Martech"
University of Chicago,"Software Developer, Tech Platform"
Huxley,"Software Engineer (Python, React, AWS)"
OpenText,C# Developer in Test
mthree,Entry Level Software Developer
VMware,Software Engineer - Opportunity for Working Remotely
Schneider Electric,Software Cloud Engineer
Grand Rounds Health,"Software Engineer, Application Platform (New College Grad)"
Motorola Mobility (a Lenovo Company),Software Engineer
McDonald's,Software Engineer III (Remote) - C#
"Tempus Labs, Inc.",Machine Learning Infrastructure Engineer
"Blue Cross and Blue Shield of Illinois, Montana, New Mexico, Oklahoma & Texas",Innovation Scientist Cons
Accenture,Cloud Software Developer
Phaidon International,Software Engineer
PayPal,Full Stack Software Engineer
Quantitative Systems,Software Engineer
"Anthem, Inc.",Cloud Engineer – Big Data
Allscripts,Software Engineer - Remote
Sterling Trading Tech,Software Engineer - C++ (Market Data)
Recruiting from Scratch,Senior Machine Learning Engineer - Static/Dynamic Program Analysis
Within3,Software Engineer (Fully Remote)
KPMG US,"Associate, Low Code Developer"
VMware,Software Engineer - Opportunity for Working Remotely
"KellyMitchell Group, Inc",Developer V
Discover Financial Services,Principal Data Science (Digital Analytics)
Tundra Technical Solutions,Developer. (fulltime)
PayPal,Software Engineer 3
Capital One,"Software Engineer, Back End"
Perficient,AWS / Big Data Engineer
DoorDash,"Software Engineer, Kotlin Platform"
PayPal,Software Engineer 3
PNC,Software Developer
Deloitte,Backend Developer AI ML Senior Consultant
"DIVERSANT, LLC",Big Data Engineer
ABN AMRO Clearing Chicago LLC,Software Engineer
1871,Apex Develper (SFDC) - The Plum Tree Group
Blue Signal Search,Golang Engineer
Grand Rounds Health,"Software Engineer, Platform (New College Grad)"
AAMP Global,Software Developer
Nityo Infotech,"Big Data Engineer (Pyspark, Spark, Scala)"
Moody's Analytics,Back End Software Engineer (Office or Remote)
Twitter,Software Engineer - Ad Serving Revenue Platform
Recruiting from Scratch,Senior Machine Learning Engineer - Static/Dynamic Program Analysis
Recruiting from Scratch,Senior Machine Learning Engineer - Static/Dynamic Program Analysis
CNA Insurance,SAST/DAST Specialist
InRule,Software Developer – Back End
Intelsat,"Engineer, Software"
Northwestern University,Associate Developer
Enhance IT,Entry Level Software Programmer
PNC,Software Developer
Cisco Meraki,Enterprise Software Developer
PayPal,Data Scientist - PhD Intern
"Sprout Social, Inc.",Software Engineer - Back-End
AT&T,Software Delivery Software Engineer
IAA,Junior Developer
Grubhub,Backend Software Engineer
Twitter,Software Engineer (SWE II and Sr roles) - Revenue Processing Platform - Payments Platform
Careignition,Software Engineer
Foursquare,Software Engineer - Backend
PayPal,Software Engineer 3
Affirm,Software Engineer (Growth)
CNH Industrial,Electric Drivetrain Model Based Software Engineer
TransUnion,"Data Science & Analytics, Fraud Consulting Analyst"
Motorola Mobility (a Lenovo Company),Android Software Developer
Stealth Mode Startup,Software Engineer
VMware,"Software Engineer (MTS 3) - Go, Java - Opportunity for Working Remotely"
Synectics Inc.,Software Engineer - Remote
Caterpillar Inc.,Software Engineer
E-Solutions,Big Data Engineer
Grand Rounds Health,Software Engineer - Data (New College Grad)
University of Chicago,Computational Research Scientist
IVY TECH SOLUTIONS INC,Guideware Developer
Robert Half,Software Developer
Collabera Inc.,Software Engineer
"LanceSoft, Inc.",Big Data Engineer
Google,RF Software Engineer
Syllable,Software Engineer
Turn Block Talent,Software Engineer Remote or Chicago (Blockchain DeFi)
Fooda,"Software Engineer, Backend (USA ONLY, REMOTE)"
Innovative Systems Group,SOLR Developer
Jobot,Remote Software Engineer
Deloitte,Software Engineer
Recruiting from Scratch,Senior Machine Learning Engineer - Static/Dynamic Program Analysis
CyberCoders,REMOTE Software Developer/SDET
Pizza Hut,Software Engineer
Daxko,Software Engineer (Remote)
Acronis,C# Developer (Cloud Integrations)
AT&T,Professional-Software Engineer
University of Chicago,Computational Research Scientist
Walgreens,Software Development Engineer
Quantitative Systems,"Software Engineer, GQMA"
University of Chicago,Software Engineer
Avant,Software Engineer
Uline,Software Developer
Uline,Software Developer
AT&T,Professional-Software Engineer
DoorDash,"Software Engineer, Data Products"
Jobot,Software Developer
Jobot,Software Engineer
ActiveCampaign,"Software Engineer, Automations"
Scientific Games,Software Engineer
VigiLanz,Software Developer - IL08593189
Hudson River Trading,Low Level Software Engineer (C++)
Cisco,Full Stack Software Engineer
CareMessage,Remote Software Engineer
Maven Securities,C++ Developer - Ultra Low Latency Trading Execution
G2,Mid Software Engineer
"DACRA Tech, LLC",Software Engineer
Collabera Inc.,Software Developer
"TeamBradley, Inc.",Software Engineer
Microsoft,SOFTWARE DEVELOPMENT ENGINEER
"Aura Innovative Technology, Inc.",Software Developer
Moody's Analytics,Software Engineer (100% Remote – Throughout US)
Collabera Inc.,Software Developer
LaunchPad Lab,Full Stack Software Developer
"Blue Cross and Blue Shield of Illinois, Montana, New Mexico, Oklahoma & Texas",Associate Developer - University New Grad - Chicago/Richardson
Walgreens,Developer II
Uline,Software Developer
CRS Group,Developer
IVY TECH SOLUTIONS INC,Software Development Engineer
Flexport,2022 New Grad Full-Stack Software Engineer
Uber,Software Engineer II - Uber Freight
dscout,Software Engineer (React)
Microsoft,Software Engineer II - Back End [Ads Delivery Engine]
Aeris Communications,Software Engineer
TravelJoy,Software Engineer
Dropbox,"Software Engineer, DocSend - Location Flexible"
PayPal,Software Engineer 3
Aon,Full Stack Software Engineer
Microsoft,Software Engineer II - Back End [Ads Delivery Engine]
Jump Trading LLC,Campus | Software Engineer (Full-Time)
PayPal,Software Engineer 3
Convr,Software Engineer
VillageMD,Full Stack Software Engineer
Microsoft,Software Engineer II - Back End [Ads Delivery Engine]
Vivid Seats,Software Engineer
PayPal,Software Engineer 3
Sentinel Technologies,"Developer, Entry Level"
PayPal,Software Engineer 3
PayPal,Software Engineer 3
PayPal,Software Engineer 3
Tata Consultancy Services,Talend Developer
TuSimple,"Software Engineer, General"
Capital One,"Software Engineer, Full Stack"
University of Chicago,Software Engineer
Optello,Software Engineer
ALTEN,C++ Developer
TopBloc,Software Engineer I
Centro,"Software Engineer, Applications (Remote Optional)"
Tata Consultancy Services,Data Science Engineer
Groupon,Software Development Engineer - I-Tier Core
CapTech Consulting,Software Developer (DevOps)
Jobs via eFinancialCareers,C++ Low Latency Developer
Workiva,Software Engineer
Epic,Software Engineer
Screencastify,Software Engineer (Full Stack)
Optum,Software Engineer - Telecommute
Optum,Software Engineer - Telecommute
"Tempus Labs, Inc.","Bioinformatics Scientist, Data Operations"
Brilliant®,Software Developer
MissionStaff,Software Developers
Flexport,2022 New Grad Full-Stack Software Engineer
Keurig Dr Pepper Inc.,Software Development Engineer
Ordermark,Software Engineer - Remote
Sterling Trading Tech,Software Engineer - C++ (FIX)
GlobalTranz,"Engineer I, Software"
HelpSystems,Software Engineer II - Python
"Roy Talman & Associates, Inc.",Low Latency C++ Developer
Jenner & Block,Software Engineer
PayPal,Software Engineer 2
Okta,Full-Stack Software Engineer - Staff (Remote Eligible)
Netskope,Software Engineer (Platform R&D)
Uline,Software Developer
Millennium,C++ Software Engineer - Fixed Income
Uline,Software Developer
Relativity,Software Engineer
VidMob,"Software Engineer, Full Stack, Level 1"
Dice,Pyspark Developer
Uline,Software Developer
Oracle,Software Developer 4
Cardinal Path,"Director, Data Science"
Recruiting from Scratch,Signal Processing Software Engineer (Autonomous Startup)
Recruiting from Scratch,Founding Software Engineer (No Code Startup)
Recruiting from Scratch,Founding Software Engineer (No Code Startup)
Ageatia Global Solutions,Developer
GroupM,"Manager, Data Science"
Koch Industries,SOFTWARE ENGINEER
PayPal,Software Engineer 3-3
BAI,Software Engineer
Motion Recruitment,Software Engineer / Full Stack / Best Places to Work / WFH
Trimble Inc.,Software Engineer - Algorithms and Controls
IHMA,Software Engineer
Recruiting from Scratch,Signal Processing Software Engineer (Autonomous Startup)
Oracle,Software Developer 3
CCC Intelligent Solutions,Data Science & R&D Internship Fall 2021
Akuna Capital,Junior Developer - FPGA
Jobs via eFinancialCareers,C++ Algo Software Engineer - Chicago/New York- Leading Quant-Driven Market-Maker
Capgemini,Software Developer - General / Varied L3 (contract)
Cavendish Professionals,Software Engineer
Dropbox,Backend Product Software Engineer - Location Flexible
Apex Fintech Solutions,Cryptocurrency Software Engineer
Recruiting from Scratch,Signal Processing Software Engineer (Autonomous Startup)
"Georgia IT, Inc.","Qlik Developer-Chicago/Montvale, NJ (100% Remote for now)"
Parker Hannifin,Machine Programmer / Builder
NextCapital,Software Engineer (Remote/Onsite/Hybrid)
Ensemble Health Partners,Software Engineer
Recruiting from Scratch,Founding Software Engineer (No Code Startup)
PayPal,Software Engineer 3
Broadcom Inc.,Software Engineer
NCSA Next College Student Athlete,Software Developer (Remote)
PayPal,Gateway Sustainability Software Engineer
Denim Social,Software Engineer
"Tempus Labs, Inc.",Software Engineer
Koch Industries,SOFTWARE ENGINEER (Remote)
The Judge Group,Software Engineer- Python
The Judge Group,Embedded C++ Developer
NetherRealm Studios (WB Games),"Software Engineer, Gameplay"
Square,"Software Engineer, Items Server Foundation"
JPMorgan Chase & Co.,eTrading Software Engineer
Walgreens,Developer II
"Blue Cross and Blue Shield of Illinois, Montana, New Mexico, Oklahoma & Texas",Associate Developer
KAR Global,Software Engineer (Remote)
GalaxE.Solutions,Developer
Harmer,Software Engineer
ServiceNow,Software Engineer - DevTools
Recruiting from Scratch,Founding Software Engineer (No Code Startup)
BAI,Software Engineer
Dice,Big Data Engineer
Xactware,Software Developer II (Remote)
NetherRealm Studios (WB Games),Software Engineer
RevenueWell,Software Engineer - Platform
Dice,"Software Engineer (Python, React, AWS)"
CVPartners,C# .net Software Engineer
Medix™,Software Developer (.Net/C#/React)
Recruiting from Scratch,Signal Processing Software Engineer (Autonomous Startup)
Salesforce,Full-Stack Software Engineer – Application Development
"New Relic, Inc.",Software Engineer
Groupon,"Software Development Engineer, Android"
Huxley,C++ Developer
Accenture,SDK C# Developer
DRW,"Software Engineer, Risk"
"RIT Solutions, Inc.",Spark Developer
Diverse Lynx,Amazon Connect/Lex Developer
DRW,"Software Engineer, C++"
Walgreens,Developer III
Ageatia Global Solutions,Developer
S.i. Systems,Software Developer
Built In,"Software Engineer, Growth"
"BISSELL Homecare, Inc.",Full Stack Software Engineer - Connected Device Experience
Capgemini,Software Developer - General / Varied L3 (contract)
BGRS,Developer
Jobot,Software Engineer
NFI,Software Developer
Talently Recruiting,Software Engineer
Genesys,Bot Developer
NICE Ltd,Software Engineer ( C#.NET) Hybrid Schedule
Capital One,"Software Engineer, Android"
Larsen & Toubro,Software Engineer Development
ActiveCampaign,Software Engineer - Streaming
Jobs via eFinancialCareers,C++ Engineer - New York/Chicago- Global Quant Firm
NICE Ltd,Software Engineer ( C#.NET) Hybrid Schedule
UnitedHealth Group,Software Engineer
Cboe Global Markets,Software Engineer
"RIT Solutions, Inc.",C# Developer
SpiderRock,Software Engineer
Fooda,Backend Software Engineer
Dropbox,"Software Engineer, HelloSign - Location Flexible"
